Date;Dernier;Ouv.; Plus Haut;Plus Bas;Vol.;Variation %
09/08/2024;266,48;267;270,51;265,66;572,47K;-0,82%
08/08/2024;268,68;257,75;269,15;256;3,23M;7,34%
07/08/2024;250,31;267,71;271;250,06;2,48M;-3,65%
06/08/2024;259,8;259,44;265,04;252,61;4,75M;5,25%
05/08/2024;246,84;249,44;250,68;241,29;4,29M;-1,12%
02/08/2024;249,63;253,31;257;241,45;4,74M;-4,29%
01/08/2024;260,81;266,24;270,92;258,9;2,87M;-2,56%
31/07/2024;267,66;264,17;269,52;261,79;4,15M;5,75%
30/07/2024;253,11;258,94;260,76;250,84;2,86M;-2,29%
29/07/2024;259,05;260,49;264,81;258,6;1,51M;0,10%
26/07/2024;258,79;263,04;264,55;257,78;2,61M;0,16%
25/07/2024;258,38;267;268,93;258,16;3,48M;-2,99%
24/07/2024;266,34;280,05;281,03;265,77;3,09M;-5,88%
23/07/2024;282,99;285,86;291,83;280,77;3,34M;-1,42%
22/07/2024;287,08;283,62;289,09;282,73;3,26M;2,55%
19/07/2024;279,95;280,83;280,83;276,17;2,61M;0,76%
18/07/2024;277,83;289,36;289,46;273,17;4,13M;-3,57%
17/07/2024;288,12;305,41;305,5;287,83;3,56M;-7,57%
16/07/2024;311,73;317,24;317,54;310,1;1,33M;-1,24%
15/07/2024;315,63;314,57;317;313,23;1,08M;-0,01%
12/07/2024;315,67;313,09;319,46;311,25;1,10M;0,51%
11/07/2024;314,07;320;321,68;313,9;1,37M;-1,79%
10/07/2024;319,8;315,21;320,34;313,9;1,22M;1,44%
09/07/2024;315,26;319,44;319,89;313,43;822,58K;-0,66%
08/07/2024;317,36;320;322;317;1,01M;-1,17%
05/07/2024;321,11;315,37;322,28;313,6;1,13M;1,79%
03/07/2024;315,47;315,11;318,83;314,64;673,15K;-0,41%
02/07/2024;316,78;314,06;317,28;310,98;1,33M;1,88%
01/07/2024;310,92;307,75;311,98;304,12;1,33M;1,03%
28/06/2024;307,75;308,46;313;307,47;2,31M;-0,06%
27/06/2024;307,92;311,44;313,37;307,65;1,43M;-0,46%
26/06/2024;309,33;310,03;312,22;308,38;1,15M;-0,71%
25/06/2024;311,53;310;311,75;307,1;1,30M;0,77%
24/06/2024;309,14;317,52;317,52;309,14;1,40M;-2,91%
21/06/2024;318,39;319,43;319,53;313,72;2,71M;-0,04%
20/06/2024;318,53;328,79;328,99;317,61;1,72M;-2,44%
18/06/2024;326,5;320,39;327,11;320,39;2,42M;1,37%
17/06/2024;322,08;310,48;323,25;310,48;2,25M;3,20%
14/06/2024;312,1;309,09;312,58;307,05;1,43M;1,48%
13/06/2024;307,54;312,59;316,92;304,7;1,56M;-1,33%
12/06/2024;311,7;305,72;312,74;303,8;2,14M;3,61%
11/06/2024;300,83;295;301,98;294,52;1,60M;1,57%
10/06/2024;296,18;293,73;296,43;292,22;934,21K;0,60%
07/06/2024;294,42;297,33;299,4;293,56;997,25K;-0,45%
06/06/2024;295,74;296,77;299,08;295,07;1,24M;-0,23%
05/06/2024;296,42;287,99;297,13;287,43;1,89M;3,24%
04/06/2024;287,13;288,38;289,84;283,75;1,14M;0,34%
03/06/2024;286,15;287,31;289,67;281,26;1,27M;-0,06%
31/05/2024;286,31;287,67;289,57;279,02;3,48M;-0,67%
30/05/2024;288,25;290,5;290,5;287,38;2,12M;-1,18%
29/05/2024;291,7;291,79;293,01;288,44;1,78M;-1,52%
28/05/2024;296,21;293,07;297,91;293,07;1,48M;0,66%
24/05/2024;294,28;293,7;297,68;291,03;957,11K;-0,14%
23/05/2024;294,69;297,67;301,93;293,5;1,87M;0,63%
22/05/2024;292,84;291,92;294,49;290,5;1,22M;0,94%
21/05/2024;290,1;292,23;292,98;289,68;1,18M;-0,81%
20/05/2024;292,47;288,74;292,63;287,3;1,04M;1,27%
17/05/2024;288,81;290;290,28;288,39;895,92K;-0,04%
16/05/2024;288,93;293,1;294,74;288,72;1,22M;-1,42%
15/05/2024;293,1;287,19;294,42;285,82;1,99M;3,45%
14/05/2024;283,33;284,6;285,37;282,1;1,32M;-0,40%
13/05/2024;284,46;289,2;289,2;283,94;1,06M;-1,05%
10/05/2024;287,48;285,7;290,54;285,28;840,61K;0,77%
09/05/2024;285,28;283,05;287,23;282,25;1,00M;0,96%
08/05/2024;282,57;282,5;284,61;281,35;1,24M;-0,52%
07/05/2024;284,04;286;288,42;283,8;1,04M;-0,40%
06/05/2024;285,19;281,78;285,22;280,27;1,01M;1,26%
03/05/2024;281,63;280,39;284,32;279,34;1,37M;1,88%
02/05/2024;276,44;275,84;277,45;270,39;1,64M;0,69%
01/05/2024;274,55;275,36;280,82;273,24;2,08M;-0,39%
30/04/2024;275,63;281,52;282,84;275,4;1,71M;-2,43%
29/04/2024;282,49;283,77;285,71;280,18;1,40M;0,03%
26/04/2024;282,41;278,5;287,43;278,5;2,14M;1,92%
25/04/2024;277,08;274,47;279,58;273,49;2,05M;-0,21%
24/04/2024;277,66;282,47;284,1;276,72;2,33M;-1,46%
23/04/2024;281,76;278;285,98;275,5;4,68M;-1,14%
22/04/2024;285,02;284;287,14;281;2,78M;1,70%
19/04/2024;280,25;285;286,67;279,6;2,02M;-1,98%
18/04/2024;285,9;295,05;296,16;282,6;2,70M;-2,66%
17/04/2024;293,71;300,81;303,63;293,6;1,13M;-2,36%
16/04/2024;300,81;298,92;302,04;296,57;1,65M;-0,25%
15/04/2024;301,56;310,5;310,73;299,68;1,34M;-1,40%
12/04/2024;305,85;305,55;306,89;304,02;1,12M;-1,37%
11/04/2024;310,1;304,61;310,77;303,96;1,29M;1,81%
10/04/2024;304,59;305,55;307,44;303,01;1,01M;-2,19%
09/04/2024;311,41;312,74;313,45;305,04;1,19M;0,10%
08/04/2024;311,09;309,05;312,2;306,2;785,97K;1,00%
05/04/2024;308,02;309,12;310,8;307,12;1,08M;0,50%
04/04/2024;306,48;314,9;317,09;306,04;1,14M;-1,32%
03/04/2024;310,58;304;312,17;304;1,11M;1,38%
02/04/2024;306,36;307;307,27;303,53;1,21M;-1,85%
01/04/2024;312,13;310,46;313,97;308,65;901,22K;0,27%
28/03/2024;311,28;312,16;313,01;309,39;1,33M;-0,02%
27/03/2024;311,34;319,24;319,37;309,31;1,08M;-1,48%
26/03/2024;316,01;317;321,35;315;1,27M;-0,06%
25/03/2024;316,21;318,61;318,64;313,21;1,31M;-2,02%
22/03/2024;322,74;322,75;324,23;318,57;1,75M;-0,02%
21/03/2024;322,8;320,87;327,36;320,65;1,91M;1,87%
20/03/2024;316,86;314,17;317,1;311,72;1,30M;1,61%
19/03/2024;311,85;303,75;312,79;303,43;2,00M;3,63%
18/03/2024;300,93;300,85;303,98;300,26;1,24M;0,83%
15/03/2024;298,44;304,25;305,41;298,11;2,61M;-2,55%
14/03/2024;306,24;310;310,39;304,34;1,04M;0,01%
13/03/2024;306,21;311,69;311,69;303,5;1,29M;-1,63%
12/03/2024;311,28;308,98;312,93;305,6;1,36M;1,81%
11/03/2024;305,74;306,97;307,44;301,12;1,12M;-0,93%
08/03/2024;308,6;318,46;319;308,49;1,31M;-2,97%
07/03/2024;318,04;316,01;319,83;312,65;1,18M;1,72%
06/03/2024;312,65;311,69;315,81;307,15;1,21M;1,61%
05/03/2024;307,7;313,38;316,95;304,24;1,74M;-3,03%
04/03/2024;317,31;315,24;320,78;313,96;1,59M;0,66%
01/03/2024;315,24;303,23;315,78;303;1,84M;3,57%
29/02/2024;304,38;302,5;305,79;299,86;1,70M;1,26%
28/02/2024;300,58;299;302,68;298,01;752,60K;0,19%
27/02/2024;300,01;303,9;304,05;298,29;804,23K;-1,21%
26/02/2024;303,69;305;307,09;303;1,02M;0,05%
23/02/2024;303,53;307,28;308,26;300,55;1,17M;-0,67%
22/02/2024;305,57;304,5;308;303,35;2,24M;5,09%
21/02/2024;290,76;288,69;290,96;285,71;1,27M;-0,45%
20/02/2024;292,07;289,92;292,69;284,79;1,80M;0,61%
16/02/2024;290,3;295,8;298,3;289,5;1,62M;-1,82%
15/02/2024;295,67;302,37;303,33;294,92;2,02M;-1,69%
14/02/2024;300,74;300,65;304,15;298,4;1,74M;2,18%
13/02/2024;294,33;290;300,46;286,05;4,06M;-4,00%
12/02/2024;306,58;315;315,7;305,47;3,29M;-1,72%
09/02/2024;311,94;311;313,12;308,82;1,58M;1,49%
08/02/2024;307,36;303,5;308,19;302,29;1,51M;2,20%
07/02/2024;300,73;295,27;302,42;294,86;1,15M;2,71%
06/02/2024;292,8;298,24;299,73;289,74;1,12M;-1,30%
05/02/2024;296,65;295,69;298,35;294,06;1,16M;0,03%
02/02/2024;296,55;290,75;298,57;290,75;1,28M;2,08%
01/02/2024;290,52;289,5;291,33;287,01;1,06M;0,71%
31/01/2024;288,46;291,4;292,01;287,27;1,20M;-2,09%
30/01/2024;294,62;293,98;295,23;292,38;901,05K;0,08%
29/01/2024;294,37;291;294,82;291;966,47K;1,25%
26/01/2024;290,73;289;293,35;287,2;1,27M;-0,16%
25/01/2024;291,19;298,65;298,88;290,07;1,40M;-1,26%
24/01/2024;294,91;297,64;301,61;294,39;1,59M;-0,21%
23/01/2024;295,54;295,8;296,59;291;1,39M;-0,06%
22/01/2024;295,73;295,96;299,96;293,61;2,32M;1,23%
19/01/2024;292,14;280;292,54;280;2,62M;4,71%
18/01/2024;279,01;276,95;279,62;275,28;1,30M;1,31%
17/01/2024;275,39;277,56;279,65;269,61;1,88M;-0,78%
16/01/2024;277,56;268,6;278,86;268,11;2,61M;3,37%
12/01/2024;268,5;267,67;268,79;265,67;1,43M;0,64%
11/01/2024;266,79;265,24;268,49;261,25;1,54M;1,34%
10/01/2024;263,26;262,6;266,21;260,75;1,22M;0,58%
09/01/2024;261,75;259,5;264,35;258,71;1,14M;-0,06%
08/01/2024;261,91;254,9;262,13;253,72;1,98M;3,64%
05/01/2024;252,71;255;257,42;251,94;1,69M;-1,25%
04/01/2024;255,92;257,11;259,57;255,62;1,10M;-0,53%
03/01/2024;257,28;260,77;262;256,6;1,33M;-2,14%
02/01/2024;262,9;269,16;269,2;260,28;1,59M;-3,48%
29/12/2023;272,37;273,44;274,71;270,86;818,58K;-0,32%
28/12/2023;273,24;274,56;275,28;273,01;900,28K;-0,51%
27/12/2023;274,64;275,61;277,49;273;858,35K;-0,12%
26/12/2023;274,96;276,64;279,18;274,38;872,46K;-0,31%
22/12/2023;275,82;275,99;276,73;269,01;1,85M;0,09%
21/12/2023;275,57;273,69;275,84;272,59;853,02K;1,77%
20/12/2023;270,79;273,78;275,63;270,73;1,10M;-1,29%
19/12/2023;274,33;275;277,78;273,81;1,33M;0,30%
18/12/2023;273,5;271,91;274,64;271,52;1,44M;0,73%
15/12/2023;271,52;270,23;273,06;270,08;3,72M;0,53%
14/12/2023;270,1;277,61;277,64;269,08;1,85M;-2,34%
13/12/2023;276,57;277,19;278,2;271,54;1,51M;0,85%
12/12/2023;274,23;268,75;274,56;266,51;1,52M;2,04%
11/12/2023;268,75;261,6;270,82;261,6;1,84M;3,39%
08/12/2023;259,93;257,56;261,58;257,56;1,05M;0,18%
07/12/2023;259,47;258,63;259,62;256,95;1,41M;0,69%
06/12/2023;257,68;263,38;263,45;257,13;1,76M;-1,72%
05/12/2023;262,18;260,72;263,15;257,55;1,45M;-0,49%
04/12/2023;263,48;267,56;268,08;258,03;2,17M;-2,54%
01/12/2023;270,35;272,85;273,39;268,38;1,68M;-1,07%
30/11/2023;273,27;277,66;279,33;269,58;1,96M;-0,70%
29/11/2023;275,21;273,39;277,52;273,39;1,14M;1,66%
28/11/2023;270,72;270,56;273;270,28;985,92K;-0,31%
27/11/2023;271,55;270,73;273,88;268,21;1,09M;0,35%
24/11/2023;270,61;269,11;270,61;265,72;563,75K;0,10%
22/11/2023;270,35;271,91;273,91;270,18;826,03K;-0,01%
21/11/2023;270,39;270,57;272,69;269,11;972,36K;0,05%
20/11/2023;270,25;269,58;270,46;266,66;1,30M;0,74%
17/11/2023;268,27;267,83;269,75;266,4;1,01M;0,48%
16/11/2023;266,99;265,79;269,32;263,26;1,70M;0,45%
15/11/2023;265,79;273,38;274,32;264,08;2,12M;-2,51%
14/11/2023;272,62;268,49;272,99;265,59;1,68M;3,29%
13/11/2023;263,94;260,6;265,43;259,58;1,17M;0,91%
10/11/2023;261,56;258,99;262,46;257;1,75M;1,99%
09/11/2023;256,45;256,95;259,49;255,13;1,15M;0,02%
08/11/2023;256,4;255;257,48;253,41;1,08M;1,05%
07/11/2023;253,73;251,2;254,54;249,76;1,17M;1,59%
06/11/2023;249,77;250,11;250,78;247,33;1,17M;0,09%
03/11/2023;249,54;245,94;251;245,45;1,53M;2,07%
02/11/2023;244,48;247,88;248,54;242,12;1,77M;-0,16%
01/11/2023;244,88;240,8;245,73;240,35;1,58M;2,10%
31/10/2023;239,85;235,15;240,3;233,51;1,62M;2,62%
30/10/2023;233,72;232,99;235,45;230,65;1,10M;1,23%
27/10/2023;230,87;232,71;233,28;229,12;1,43M;0,19%
26/10/2023;230,44;231,17;235,16;228,66;1,72M;-0,26%
25/10/2023;231,03;237,04;238,17;229,69;1,51M;-2,69%
24/10/2023;237,41;234,69;243,94;232,59;2,59M;-1,05%
23/10/2023;239,92;239,08;242,32;236,19;1,35M;0,54%
20/10/2023;238,64;245,13;245,13;238,03;1,36M;-2,62%
19/10/2023;245,06;248,6;250,24;243,93;1,25M;-0,61%
18/10/2023;246,56;248,82;251,3;245,94;1,44M;-1,38%
17/10/2023;250,02;248,58;251,47;245,83;1,54M;-0,56%
16/10/2023;251,42;251,94;252,69;247,5;1,50M;0,47%
13/10/2023;250,25;252,98;253,74;248,32;1,31M;-0,77%
12/10/2023;252,2;254,36;255,85;250,62;1,09M;-0,31%
11/10/2023;252,98;250,32;253,97;250,32;1,23M;1,29%
10/10/2023;249,75;248,27;253,44;246,18;1,66M;0,97%
09/10/2023;247,34;241,15;248,72;240,3;1,18M;1,39%
06/10/2023;243,95;232,88;244,88;231,84;1,42M;3,91%
05/10/2023;234,77;234,5;235,69;231,1;808,25K;-0,12%
04/10/2023;235,05;230,93;235,78;230,17;832,86K;2,78%
03/10/2023;228,69;233,63;237,12;227,77;1,08M;-3,30%
02/10/2023;236,49;235,44;237,87;234,48;747,14K;0,93%
29/09/2023;234,3;236,68;239,12;233,12;900,74K;0,12%
28/09/2023;234,01;230,01;236,22;229,23;1,24M;1,46%
27/09/2023;230,65;230,33;232,38;227,77;1,20M;0,61%
26/09/2023;229,26;230,61;230,78;227,05;1,06M;-0,86%
25/09/2023;231,25;230,99;232,66;229,42;864,44K;0,26%
22/09/2023;230,66;229,67;233,25;229,67;786,89K;0,91%
21/09/2023;228,58;231,3;232,41;228,52;1,09M;-2,40%
20/09/2023;234,2;237,47;238,29;234,19;718,47K;-1,00%
19/09/2023;236,56;235,66;236,71;233,11;610,89K;-0,11%
18/09/2023;236,83;233,11;237,24;232,8;680,52K;1,17%
15/09/2023;234,08;242,64;242,64;232,19;2,81M;-3,60%
14/09/2023;242,82;243,12;244,15;238,18;1,21M;0,70%
13/09/2023;241,13;236,46;243,02;236,46;1,16M;1,97%
12/09/2023;236,46;241,9;242,05;236,34;986,42K;-2,79%
11/09/2023;243,24;238,78;243,83;238,78;1,15M;2,21%
08/09/2023;237,99;241,42;243,52;236,56;1,23M;-1,44%
07/09/2023;241,46;246,04;246,47;235,82;1,56M;-2,12%
06/09/2023;246,7;244,47;247,5;244,47;1,25M;0,48%
05/09/2023;245,51;243,44;247,12;240,37;1,30M;0,80%
01/09/2023;243,56;242,21;243,83;239,66;1,00M;1,30%
31/08/2023;240,44;239,88;242,74;239,42;1,45M;0,23%
30/08/2023;239,88;238,34;240,45;237,94;1,02M;0,88%
29/08/2023;237,79;232,46;238,26;230,85;1,24M;1,82%
28/08/2023;233,55;233,97;234,51;231,93;601,39K;0,45%
25/08/2023;232,51;228;233,11;228;1,29M;1,96%
24/08/2023;228,04;236,98;237,91;227,62;1,49M;-2,37%
23/08/2023;233,58;227,28;234,3;226,49;1,94M;3,58%
22/08/2023;225,51;226,9;227,96;224,75;1,00M;0,23%
21/08/2023;225;222,43;226,26;221,66;1,34M;2,02%
18/08/2023;220,55;217,77;221,37;217,77;1,08M;0,11%
17/08/2023;220,31;224,25;225,47;219,82;1,17M;-1,31%
16/08/2023;223,24;226,51;227,56;223,09;1,13M;-1,29%
15/08/2023;226,16;227,96;228,37;224,77;1,17M;-0,76%
14/08/2023;227,9;224,96;228,38;223,95;1,05M;0,81%
11/08/2023;226,07;223,4;226,76;222,85;949,42K;0,20%
10/08/2023;225,61;228,13;229,74;224,28;858,18K;0,14%
09/08/2023;225,3;228,17;228,98;222,22;1,35M;-1,59%
08/08/2023;228,93;229,8;230,84;227,94;1,47M;-1,51%
07/08/2023;232,44;230,51;233,7;230,09;1,18M;1,50%
04/08/2023;229;229,86;232,98;227,03;1,41M;0,18%
03/08/2023;228,59;227,85;229,84;227,39;1,15M;-0,07%
02/08/2023;228,74;231,51;231,51;226,42;1,60M;-2,09%
01/08/2023;233,63;231,43;234,52;230,32;1,01M;-0,16%
31/07/2023;234,01;234,86;236,29;231,41;1,62M;-0,10%
28/07/2023;234,24;237,77;238,36;232,58;1,55M;-0,28%
27/07/2023;234,9;238,83;242,16;233,97;2,16M;0,40%
26/07/2023;233,96;236,38;238;231,57;1,90M;-1,82%
25/07/2023;238,29;231,82;240,9;231,56;3,02M;-1,24%
24/07/2023;241,27;242,49;243,28;238,11;2,08M;-0,65%
21/07/2023;242,86;241,16;244,45;240,83;5,34M;1,70%
20/07/2023;238,79;245,23;248,16;238,15;1,76M;-1,53%
19/07/2023;242,49;244,67;245,58;241,56;1,38M;-0,66%
18/07/2023;244,09;244,44;244,96;239,06;1,73M;-0,14%
17/07/2023;244,44;240,27;245,24;239,71;1,38M;1,54%
14/07/2023;240,74;239,42;244,45;239,42;1,30M;0,51%
13/07/2023;239,51;236,93;240,08;235,61;1,94M;2,91%
12/07/2023;232,74;236,04;236,54;230,46;1,64M;0,38%
11/07/2023;231,87;234,13;234,38;228,72;1,24M;-1,09%
10/07/2023;234,42;227,39;235,47;227,39;1,91M;3,32%
07/07/2023;226,89;229,82;230,04;226,11;1,49M;-1,38%
06/07/2023;230,07;228,84;230,74;227,5;1,18M;-1,05%
05/07/2023;232,52;233,31;237,67;232,35;1,44M;-1,22%
03/07/2023;235,4;234,38;235,42;232;860,27K;0,38%
30/06/2023;234,52;230,99;235,75;230,05;1,92M;2,62%
29/06/2023;228,54;230,77;231,59;227,63;1,06M;-0,36%
28/06/2023;229,36;227,69;230,18;226,54;1,46M;0,24%
27/06/2023;228,8;223,51;229,7;223,51;1,59M;2,60%
26/06/2023;223,01;224,64;228,65;222,88;1,44M;-1,03%
23/06/2023;225,32;225,47;227,91;223,69;7,00M;-0,74%
22/06/2023;227;226,11;228,99;222,86;2,68M;-0,44%
21/06/2023;228,01;233;233,64;226,02;3,13M;-1,94%
20/06/2023;232,53;234,52;236,7;230,71;2,39M;-1,40%
16/06/2023;235,84;240,74;240,74;234,42;5,01M;-0,81%
15/06/2023;237,77;234,88;239,5;233,39;2,76M;0,72%
14/06/2023;236,06;237,24;238,42;234,11;2,68M;-1,23%
13/06/2023;239;240,19;242,65;235,79;2,09M;2,48%
12/06/2023;233,22;230,91;233,39;228,23;1,44M;1,71%
09/06/2023;229,3;229,59;232,59;228,7;1,30M;0,53%
08/06/2023;228,08;222,12;229,47;221,45;1,78M;2,52%
07/06/2023;222,47;227,77;230,43;221,68;2,27M;-2,76%
06/06/2023;228,78;232,88;233,43;227,24;1,24M;-1,53%
05/06/2023;232,33;228,24;234,09;227,32;1,77M;1,15%
02/06/2023;229,69;232,15;233,11;229,32;2,10M;-1,16%
01/06/2023;232,39;228,57;233,98;227,64;1,96M;0,64%
31/05/2023;230,91;231,35;234,25;228,74;3,15M;-1,64%
30/05/2023;234,75;231,98;239;231,51;3,32M;2,81%
26/05/2023;228,33;226,26;232,14;226,15;2,81M;1,71%
25/05/2023;224,49;208,75;225,46;208,5;3,82M;10,22%
24/05/2023;203,67;204,41;204,95;203,13;1,52M;-1,02%
23/05/2023;205,76;210,88;211,07;205,18;1,57M;-2,77%
22/05/2023;211,63;215,55;215,94;211,4;1,85M;-2,34%
19/05/2023;216,71;217,91;219,09;214,78;1,75M;-0,06%
18/05/2023;216,84;205,53;217,46;205,46;3,01M;6,22%
17/05/2023;204,15;202,66;205,62;202,08;1,29M;0,83%
16/05/2023;202,46;202,31;203,54;201,73;1,25M;0,07%
15/05/2023;202,31;200,86;202,34;198,92;1,43M;0,57%
12/05/2023;201,16;202,04;202,41;199,86;1,22M;-0,15%
11/05/2023;201,46;203,68;203,72;199,32;1,84M;-1,34%
10/05/2023;204,19;205,7;206,23;202,33;1,40M;0,08%
09/05/2023;204,03;205,14;206,29;203,23;1,02M;-0,74%
08/05/2023;205,56;205,43;206,33;203,56;734,91K;0,16%
05/05/2023;205,24;205,94;206,99;203,37;1,75M;0,10%
04/05/2023;205,03;208,1;208,67;204,95;1,27M;-1,17%
03/05/2023;207,45;208,98;209,96;207,04;1,08M;-0,73%
02/05/2023;208,97;211,31;212,91;207,87;1,44M;-0,80%
01/05/2023;210,65;209,3;211,5;207,7;1,08M;0,57%
28/04/2023;209,45;207,83;211,95;207,69;2,00M;0,76%
27/04/2023;207,86;204,84;208,44;202,66;1,74M;2,09%
26/04/2023;203,61;203,9;207,33;203,04;2,22M;-0,14%
25/04/2023;203,9;200,6;204,7;194,01;5,32M;-4,26%
24/04/2023;212,98;212,78;214,81;212,37;1,42M;-0,01%
21/04/2023;213;213,58;214,48;210,36;1,46M;-0,34%
20/04/2023;213,73;212,36;215,78;212,36;1,17M;0,03%
19/04/2023;213,67;212,87;214,06;212,23;937,78K;-0,05%
18/04/2023;213,77;214,86;215,52;212,93;915,32K;0,29%
17/04/2023;213,16;215;215,48;211,73;895,73K;-0,65%
14/04/2023;214,55;214,87;216,73;212,92;1,27M;-1,13%
13/04/2023;217,01;212,88;217,67;212,88;1,64M;2,28%
12/04/2023;212,18;215;216,33;211,81;1,42M;-0,80%
11/04/2023;213,89;212,46;214,95;212,36;1,53M;0,13%
10/04/2023;213,61;207,24;214,13;207,02;2,17M;2,44%
06/04/2023;208,52;205,39;209,26;205,33;1,89M;0,46%
05/04/2023;207,56;210,12;211,08;206,14;1,46M;-1,87%
04/04/2023;211,51;212,18;214,14;210,89;1,23M;0,06%
03/04/2023;211,39;209;211,6;208,73;1,60M;0,62%
31/03/2023;210,09;208;210,23;207,44;2,10M;1,49%
30/03/2023;207,01;207,34;207,99;205,39;1,63M;0,49%
29/03/2023;206;205,22;206,66;204,7;1,18M;1,34%
28/03/2023;203,28;204,65;205,72;201,35;1,18M;-0,97%
27/03/2023;205,27;204,48;206,29;203,55;1,40M;0,39%
24/03/2023;204,48;206,63;206,95;203,05;2,30M;-1,22%
23/03/2023;207;204,84;208,24;203,03;2,12M;1,47%
22/03/2023;204;206,72;209,23;203,96;2,04M;-1,87%
21/03/2023;207,88;207,7;208,58;204,49;2,72M;0,39%
20/03/2023;207,07;207;207,89;204,73;2,76M;0,09%
17/03/2023;206,88;206,78;209,5;205,43;4,54M;-0,45%
16/03/2023;207,82;202,1;209,28;200,01;3,23M;2,40%
15/03/2023;202,94;202,64;203,94;200,49;3,12M;-0,28%
14/03/2023;203,52;197,86;203,68;197,42;2,19M;3,69%
13/03/2023;196,27;194,55;198,57;193,12;2,31M;0,31%
10/03/2023;195,67;196,68;198,08;192,78;2,39M;-0,37%
09/03/2023;196,4;199,33;201,97;196,12;1,86M;-1,46%
08/03/2023;199,3;195,71;199,46;195,17;1,44M;2,02%
07/03/2023;195,35;196,49;198,15;194,34;1,40M;-1,04%
06/03/2023;197,4;196,94;198,81;195,26;1,61M;0,46%
03/03/2023;196,5;193,85;196,77;192,81;1,56M;2,00%
02/03/2023;192,64;190,32;193,39;189,3;1,47M;0,63%
01/03/2023;191,43;193,14;193,57;190,69;1,20M;-0,78%
28/02/2023;192,94;193,26;195,23;192,74;1,72M;-0,12%
27/02/2023;193,18;195,35;195,99;192,66;1,35M;-0,29%
24/02/2023;193,74;192,65;195,37;192,45;1,18M;-1,46%
23/02/2023;196,62;196,03;198,57;194,66;1,67M;1,36%
22/02/2023;193,99;193,24;196;192,88;1,78M;0,70%
21/02/2023;192,65;192,19;193,58;191,44;1,79M;-0,92%
17/02/2023;194,44;192,33;195,12;191,1;1,99M;-0,09%
16/02/2023;194,62;196,28;198,44;193,45;2,90M;-3,78%
15/02/2023;202,26;199,1;202,96;198,73;2,14M;1,59%
14/02/2023;199,09;193,4;199,86;192;3,36M;7,21%
13/02/2023;185,7;185,1;186,85;183,8;1,99M;1,03%
10/02/2023;183,8;184,1;185,13;183,42;1,17M;-1,33%
09/02/2023;186,27;188,15;190,59;185,54;1,49M;0,44%
08/02/2023;185,45;187,78;188,54;184,88;1,39M;-1,53%
07/02/2023;188,33;185,29;189,24;183,26;1,21M;1,30%
06/02/2023;185,91;184,46;186,99;183,99;1,07M;0,03%
03/02/2023;185,85;185,2;188,68;184,23;1,16M;-1,78%
02/02/2023;189,22;190,73;191,92;188,4;1,91M;0,17%
01/02/2023;188,89;181,78;190,25;181,28;1,61M;3,31%
31/01/2023;182,83;181,36;183,73;180,75;1,74M;1,16%
30/01/2023;180,74;183,61;183,72;180,62;1,19M;-2,32%
27/01/2023;185,03;183,93;186,24;183,11;1,14M;-0,32%
26/01/2023;185,63;184,9;185,86;182,59;857,12K;1,73%
25/01/2023;182,48;179,31;182,76;176,49;1,10M;0,05%
24/01/2023;182,38;183,35;183,66;181,38;1,20M;-0,56%
23/01/2023;183,41;177,2;184,24;177,2;1,81M;2,89%
20/01/2023;178,26;171,69;178,95;171,68;1,77M;3,67%
19/01/2023;171,95;171,64;173,43;171,23;1,55M;-0,30%
18/01/2023;172,46;174,4;177,6;172,21;1,45M;-0,29%
17/01/2023;172,97;171,79;174,52;169,41;2,03M;2,19%
13/01/2023;169,26;166;169,37;166;1,02M;0,71%
12/01/2023;168,06;168,17;168,66;164,85;1,04M;-0,24%
11/01/2023;168,47;164,58;168,7;163,76;1,52M;2,53%
10/01/2023;164,32;164,59;166,61;162,48;1,30M;-0,96%
09/01/2023;165,92;161,34;168,52;161,34;1,92M;3,92%
06/01/2023;159,66;158,75;160,32;155,2;1,19M;1,82%
05/01/2023;156,8;157,56;158,74;154,88;1,73M;-1,53%
04/01/2023;159,23;161;162,1;157,46;1,33M;-0,26%
03/01/2023;159,64;162,83;164;157,49;992,79K;-0,62%
30/12/2022;160,64;159,92;160,75;158,41;739,44K;-0,80%
29/12/2022;161,93;159,59;163,18;159,4;771,61K;2,27%
28/12/2022;158,34;159,95;161,73;158,18;769,54K;-1,07%
27/12/2022;160,05;161,1;161,1;158,97;615,18K;-0,87%
23/12/2022;161,45;160,92;161,95;159,25;709,73K;-0,19%
22/12/2022;161,76;162,99;163,34;158,94;1,15M;-2,21%
21/12/2022;165,41;162,79;165,76;161,61;1,18M;1,88%
20/12/2022;162,36;159,9;162,92;159,12;1,35M;0,88%
19/12/2022;160,95;163,15;163,15;160,02;944,69K;-1,38%
16/12/2022;163,2;163,01;166,61;161,45;2,99M;0,60%
15/12/2022;162,23;163,04;163,96;160,38;1,58M;-1,96%
14/12/2022;165,47;168,23;171,23;164,25;1,46M;-1,64%
13/12/2022;168,23;174,31;174,48;166,07;1,66M;1,29%
12/12/2022;166,09;163,96;166,84;163,76;1,41M;1,48%
09/12/2022;163,67;163,32;164,66;162,17;1,30M;-0,24%
08/12/2022;164,06;162,12;165,44;161,36;1,40M;2,16%
07/12/2022;160,59;162,32;163,1;159,72;1,67M;-1,88%
06/12/2022;163,66;166,92;166,92;162,16;1,15M;-1,68%
05/12/2022;166,46;170,45;170,92;165,51;1,44M;-3,46%
02/12/2022;172,43;172,93;173,45;170,29;1,26M;-2,46%
01/12/2022;176,78;174,74;177,27;173,33;1,93M;2,76%
30/11/2022;172,04;164,2;172,25;164,02;2,57M;5,21%
29/11/2022;163,52;165,36;165,36;161,9;1,14M;-0,87%
28/11/2022;164,95;167,54;169,48;164,17;1,40M;-1,41%
25/11/2022;167,31;167,51;168,35;166,94;441,08K;-0,12%
23/11/2022;167,51;163;168,65;163;721,52K;1,40%
22/11/2022;165,2;162,6;165,63;160,87;1,12M;2,06%
21/11/2022;161,86;164,45;164,45;161,65;1,18M;-1,91%
18/11/2022;165,02;167,67;168,16;163,61;1,20M;-0,05%
17/11/2022;165,1;165,2;166,98;162,87;1,56M;-2,23%
16/11/2022;168,86;168,68;170,49;167,16;1,14M;0,07%
15/11/2022;168,74;171,78;172,4;167,18;2,01M;0,48%
14/11/2022;167,93;166,03;169,38;165,45;1,77M;0,62%
11/11/2022;166,9;162,46;167,99;161,49;2,27M;3,01%
10/11/2022;162,02;156,66;162,61;155,68;2,66M;9,65%
09/11/2022;147,76;147,65;148,55;145,94;1,07M;-0,90%
08/11/2022;149,1;147,11;151,09;146,44;1,24M;2,12%
07/11/2022;146;143,75;146,61;141,62;2,09M;2,52%
04/11/2022;142,41;144,34;144,72;138,76;3,00M;-0,31%
03/11/2022;142,86;144;145,74;142,38;1,87M;-1,54%
02/11/2022;145,09;151,54;152,4;145,02;2,67M;-3,87%
01/11/2022;150,93;153,25;153,76;149,81;1,30M;-0,30%
31/10/2022;151,39;150,19;152,56;149,42;1,54M;-0,06%
28/10/2022;151,48;149,66;151,82;148,83;1,94M;1,95%
27/10/2022;148,58;149,7;150,96;146,36;2,17M;-0,32%
26/10/2022;149,05;148,23;152,26;147,44;2,49M;-1,50%
25/10/2022;151,32;158,21;160,74;150,86;5,08M;-5,55%
24/10/2022;160,22;160,04;161,4;157,07;1,83M;1,19%
21/10/2022;158,34;152,1;158,86;150,69;2,03M;3,46%
20/10/2022;153,05;154,12;156,61;152;1,60M;-0,44%
19/10/2022;153,72;152,66;154,28;151,73;1,16M;-1,18%
18/10/2022;155,56;158;159,82;154,15;1,68M;0,97%
17/10/2022;154,07;152,23;155,16;151,84;2,29M;4,49%
14/10/2022;147,45;152,32;152,92;147,23;2,37M;-2,06%
13/10/2022;150,55;142,37;151,62;142,34;4,68M;1,74%
12/10/2022;147,97;149,24;151,33;147,83;2,66M;-0,05%
11/10/2022;148,04;154,57;154,9;147,06;4,03M;-4,31%
10/10/2022;154,71;159,48;159,86;152,73;2,24M;-2,64%
07/10/2022;158,9;165,26;165,62;158;2,42M;-5,65%
06/10/2022;168,41;169,95;171,64;168,17;1,85M;-0,76%
05/10/2022;169,7;170,01;170,79;167,72;2,59M;-0,95%
04/10/2022;171,33;173,28;174,33;170,34;2,13M;0,62%
03/10/2022;170,28;164,39;171,26;164,39;1,80M;4,19%
30/09/2022;163,43;164,75;167,58;163,27;2,16M;-0,77%
29/09/2022;164,69;165,59;166,85;163,15;1,58M;-1,37%
28/09/2022;166,97;164;167,66;162,09;1,48M;2,35%
27/09/2022;163,13;164,26;164,91;160,61;1,54M;0,46%
26/09/2022;162,38;161,49;164,99;161,49;1,78M;0,88%
23/09/2022;160,97;160,96;162,5;159,12;1,67M;-0,83%
22/09/2022;162,32;164,31;165,79;161,87;1,81M;-2,24%
21/09/2022;166,04;168,54;172,06;166;2,10M;-0,57%
20/09/2022;166,99;165,97;168,3;165,79;1,73M;-0,12%
19/09/2022;167,19;162,63;167,29;162,57;1,56M;1,78%
16/09/2022;164,27;161,92;164,8;160,82;3,47M;0,75%
15/09/2022;163,05;165,38;165,76;161,16;2,16M;-2,50%
14/09/2022;167,23;168,38;168,84;165,19;1,56M;0,19%
13/09/2022;166,92;169,68;170,49;166,66;1,95M;-4,63%
12/09/2022;175,02;175,11;175,45;173,58;1,44M;0,19%
09/09/2022;174,68;173,46;175,97;173,31;1,29M;1,65%
08/09/2022;171,84;169,46;172,98;168,78;1,78M;0,56%
07/09/2022;170,89;168,62;171,89;167,62;1,39M;1,83%
06/09/2022;167,82;168,39;170,4;166,64;1,63M;-0,21%
02/09/2022;168,17;171,34;172,85;167,16;1,42M;-1,10%
01/09/2022;170,04;171;171,49;166,89;2,35M;-2,15%
31/08/2022;173,77;175,33;176,62;172,64;2,07M;-0,26%
30/08/2022;174,23;175,86;176,14;171,18;1,38M;-0,34%
29/08/2022;174,83;175,65;177,51;174,72;1,33M;-1,69%
26/08/2022;177,83;184,42;184,42;177,48;1,75M;-3,77%
25/08/2022;184,8;184,69;185,38;182,78;1,16M;0,99%
24/08/2022;182,99;185,4;185,4;182,64;1,32M;-0,14%
23/08/2022;183,25;183,82;186,07;183;1,01M;-0,89%
22/08/2022;184,9;186,34;187,13;184,51;1,28M;-1,67%
19/08/2022;188,04;188,12;189,25;186,62;1,33M;-1,41%
18/08/2022;190,73;190,9;192,8;190,41;1,22M;-0,14%
17/08/2022;191;191,98;192,35;190,03;1,34M;-0,85%
16/08/2022;192,63;191,48;194,97;191,14;1,62M;-0,24%
15/08/2022;193,09;188,83;193,21;188,62;1,66M;2,26%
12/08/2022;188,83;187;189,3;186,45;1,81M;1,33%
11/08/2022;186,35;187,92;188,48;185,66;1,68M;0,01%
10/08/2022;186,34;188,58;189,95;185,68;1,74M;0,94%
09/08/2022;184,61;183,94;185,65;183,12;1,46M;0,15%
08/08/2022;184,33;186,82;187,61;183,3;1,69M;-1,19%
05/08/2022;186,55;182;186,69;181,96;1,42M;0,52%
04/08/2022;185,58;182,89;185,63;181,28;1,60M;2,00%
03/08/2022;181,95;182,18;183,05;176,25;3,27M;-0,82%
02/08/2022;183,45;183,6;185,1;182,11;1,71M;-0,86%
01/08/2022;185,04;183,01;187,51;183,01;1,81M;-0,56%
29/07/2022;186,08;182,96;186,58;182,96;1,59M;1,34%
28/07/2022;183,62;177,82;183,89;177,48;2,12M;3,96%
27/07/2022;176,62;171,63;178,51;171,63;2,12M;3,44%
26/07/2022;170,75;170,54;174,5;169,94;2,71M;1,84%
25/07/2022;167,66;167,72;167,96;165,19;1,34M;-0,03%
22/07/2022;167,71;169,46;171,11;167,23;1,80M;-0,62%
21/07/2022;168,75;164,91;168,76;163,6;1,41M;2,88%
20/07/2022;164,02;162,33;165,94;161,58;1,45M;1,51%
19/07/2022;161,58;158,09;162,13;157,42;1,31M;4,20%
18/07/2022;155,06;158,08;158,95;154,22;1,04M;-1,24%
15/07/2022;157;155,99;158,09;153,48;1,39M;1,93%
14/07/2022;154,02;152,21;155,36;148,85;1,28M;0,44%
13/07/2022;153,34;150,49;154,26;149,17;941,52K;-0,57%
12/07/2022;154,22;159,35;162,19;153,49;1,43M;-2,31%
11/07/2022;157,87;158,87;159,74;156,99;1,16M;-1,59%
08/07/2022;160,42;158,5;161,42;157,22;1,05M;0,14%
07/07/2022;160,19;156,41;160,76;156,21;1,41M;2,66%
06/07/2022;156,04;152,65;157,44;150,95;1,68M;2,90%
05/07/2022;151,64;148,98;151,92;147;1,46M;1,34%
01/07/2022;149,64;149,76;150,78;147,4;1,51M;-0,26%
30/06/2022;150,03;149,34;152,51;148,41;2,09M;-0,59%
29/06/2022;150,92;150,56;152,32;149,38;1,14M;0,53%
28/06/2022;150,12;154,39;155,37;149,51;1,30M;-2,80%
27/06/2022;154,45;157,25;158,32;153,7;1,19M;-2,01%
24/06/2022;157,62;152,8;157,89;152,27;2,18M;4,34%
23/06/2022;151,06;147,96;151,36;145,14;1,84M;3,49%
22/06/2022;145,96;146,12;149,35;145,09;1,96M;-1,47%
21/06/2022;148,14;145,65;150,14;145,35;2,02M;3,53%
17/06/2022;143,09;141,65;145;140,27;2,95M;1,42%
16/06/2022;141,08;143,2;144,51;139,73;1,61M;-4,49%
15/06/2022;147,72;145,2;149,91;144,02;1,65M;3,02%
14/06/2022;143,39;142,65;144,14;140,21;1,05M;1,22%
13/06/2022;141,66;144,4;145,3;140,89;1,44M;-5,00%
10/06/2022;149,11;151,74;152,49;147,84;1,20M;-4,30%
09/06/2022;155,81;158,48;160,03;155,75;1,20M;-2,58%
08/06/2022;159,93;161,84;162,11;158,88;1,49M;-1,44%
07/06/2022;162,27;158,58;162,98;157,97;927,87K;1,24%
06/06/2022;160,29;160,9;164,18;159,34;1,09M;1,09%
03/06/2022;158,56;159,11;159,92;157,38;1,10M;-1,77%
02/06/2022;161,41;152,83;161,69;152,43;1,45M;5,35%
01/06/2022;153,22;155,15;157,77;151,89;1,07M;-0,33%
31/05/2022;153,73;155,74;155,79;151,83;2,66M;-1,61%
27/05/2022;156,24;150;156,33;149,88;1,33M;5,09%
26/05/2022;148,67;146,44;149,6;144,73;1,21M;2,49%
25/05/2022;145,06;142,2;146,18;142;1,59M;0,74%
24/05/2022;144;145,68;146,64;142,56;1,49M;-2,46%
23/05/2022;147,63;147,2;148,43;145,17;1,33M;0,70%
20/05/2022;146,6;146,93;147,47;141;2,92M;1,93%
19/05/2022;143,83;136,27;146,94;136,27;2,44M;5,52%
18/05/2022;136,3;140,3;141,4;135,47;1,38M;-4,60%
17/05/2022;142,87;143,12;144,25;139,79;1,06M;2,50%
16/05/2022;139,38;140,95;141,64;138,92;1,30M;-2,15%
13/05/2022;142,44;137,81;143,13;137,7;1,83M;4,87%
12/05/2022;135,82;133,41;136,94;132,32;1,60M;0,10%
11/05/2022;135,68;138,88;143,62;135,29;1,55M;-3,89%
10/05/2022;141,17;141,51;143,88;136,94;1,71M;2,91%
09/05/2022;137,18;143,39;144,35;136,38;2,22M;-6,28%
06/05/2022;146,37;148,12;149,22;142,82;1,54M;-2,03%
05/05/2022;149,4;156,08;156,49;147,15;1,59M;-5,65%
04/05/2022;158,34;153,54;158,71;148,89;1,54M;3,59%
03/05/2022;152,85;150,32;153,8;149,87;1,39M;1,57%
02/05/2022;150,49;150,54;152,04;146,12;2,02M;-0,24%
29/04/2022;150,85;157,47;158,66;149,92;1,66M;-5,13%
28/04/2022;159,01;155,88;160,96;153,07;1,76M;3,65%
27/04/2022;153,41;151,92;156,98;151,54;2,01M;1,23%
26/04/2022;151,54;158;159,5;150,5;3,90M;0,29%
25/04/2022;151,1;148,38;151,35;147,21;2,35M;2,05%
22/04/2022;148,07;151,08;153,04;147,81;1,35M;-2,50%
21/04/2022;151,86;159;160,96;150,99;1,46M;-3,35%
20/04/2022;157,13;157,01;157,94;155,8;1,83M;0,97%
19/04/2022;155,62;149,68;156,22;149,39;1,32M;3,33%
18/04/2022;150,61;148,52;151,7;148,24;1,12M;0,54%
14/04/2022;149,8;156,05;156,17;149,05;2,11M;-3,84%
13/04/2022;155,79;154;158,61;153,87;1,77M;1,58%
12/04/2022;153,37;157,21;159,01;152,86;1,30M;-0,24%
11/04/2022;153,74;157,2;157,2;152,51;1,44M;-2,84%
08/04/2022;158,24;161,3;161,75;157,82;1,20M;-3,00%
07/04/2022;163,13;161,11;164,52;160,55;1,95M;0,79%
06/04/2022;161,85;160,62;163,78;158,79;1,42M;-0,98%
05/04/2022;163,45;167,37;167,78;162,09;1,16M;-2,19%
04/04/2022;167,11;165,95;168,73;165,05;1,26M;0,89%
01/04/2022;165,63;165;167,38;162,87;1,46M;0,71%
31/03/2022;164,46;164,55;166,58;163;2,45M;0,70%
30/03/2022;163,31;165,01;166,11;162,23;983,69K;-1,60%
29/03/2022;165,97;164,73;167,36;163,13;1,15M;2,15%
28/03/2022;162,47;159;162,48;158,64;1,10M;2,29%
25/03/2022;158,84;162,81;163,24;157,33;1,27M;-2,02%
24/03/2022;162,12;158,16;162,14;156,76;1,49M;3,07%
23/03/2022;157,29;158,92;159,92;155,19;1,07M;-1,82%
22/03/2022;160,2;157,6;161,06;156,42;1,13M;1,91%
21/03/2022;157,2;157,38;158,25;153,95;1,64M;-1,05%
18/03/2022;158,87;152,17;159,68;151,03;2,53M;3,62%
17/03/2022;153,32;149,95;153,93;149,44;1,65M;1,87%
16/03/2022;150,51;145,12;150,53;144,39;3,06M;5,62%
15/03/2022;142,5;140,39;143,71;139,42;2,83M;2,40%
14/03/2022;139,16;144,31;145,78;138,49;2,26M;-3,97%
11/03/2022;144,91;151,08;151,77;144,67;1,38M;-3,04%
10/03/2022;149,46;147,65;150,01;144,59;1,60M;-0,95%
09/03/2022;150,89;149,47;152,21;146,96;2,09M;3,49%
08/03/2022;145,8;149,26;151,35;143,43;2,37M;-3,06%
07/03/2022;150,4;154,94;155,38;150,25;2,09M;-2,77%
04/03/2022;154,69;153,15;155,73;151,65;2,21M;0,49%
03/03/2022;153,94;158,52;159,51;152,7;1,66M;-2,24%
02/03/2022;157,46;152,02;157,8;150,81;2,37M;4,60%
01/03/2022;150,53;151,69;154,14;149,31;2,07M;-0,59%
28/02/2022;151,43;151,2;153,81;148,76;1,84M;-0,98%
25/02/2022;152,93;148,4;153,33;147,12;2,12M;2,61%
24/02/2022;149,04;138,42;149,73;137,11;3,72M;5,79%
23/02/2022;140,88;150,23;150,96;140,58;4,88M;4,19%
22/02/2022;135,21;134,63;136,96;133,1;2,79M;0,19%
18/02/2022;134,95;138,62;139,22;134,05;2,44M;-2,37%
17/02/2022;138,22;144,18;144,77;137,64;1,34M;-5,23%
16/02/2022;145,85;144,97;146,81;142,33;1,74M;-0,15%
15/02/2022;146,07;144,64;146,46;144,02;1,63M;2,81%
14/02/2022;142,08;142,5;144,64;140,15;1,22M;-0,29%
11/02/2022;142,5;149;150,53;141,33;1,55M;-4,28%
10/02/2022;148,87;149,53;153,28;147,59;1,39M;-3,58%
09/02/2022;154,4;151,51;154,42;150,31;1,19M;4,06%
08/02/2022;148,37;146,46;149,49;145,82;2,10M;1,12%
07/02/2022;146,72;148,15;149,59;146,07;1,11M;-0,54%
04/02/2022;147,51;145,58;149,49;144,62;1,40M;0,74%
03/02/2022;146,42;149,53;151,47;145,76;1,76M;-4,38%
02/02/2022;153,13;151,81;153,46;150,42;1,44M;1,00%
01/02/2022;151,61;152,37;153,3;149,17;1,56M;-0,35%
31/01/2022;152,14;145,39;152,21;145,22;1,65M;4,62%
28/01/2022;145,42;139,99;145,71;136,62;1,58M;4,63%
27/01/2022;138,98;144,22;144,94;137,88;1,58M;-1,77%
26/01/2022;141,49;145,53;148,35;139,22;2,27M;-0,63%
25/01/2022;142,39;147,26;148,92;142,31;2,46M;-6,11%
24/01/2022;151,66;146,19;152;141,96;2,49M;2,27%
21/01/2022;148,3;149,88;152,63;148,09;2,09M;-1,34%
20/01/2022;150,31;155,7;157,22;150,05;1,36M;-1,87%
19/01/2022;153,17;154,4;156,17;153;2,03M;-0,23%
18/01/2022;153,53;156;156,57;152,92;2,28M;-5,08%
14/01/2022;161,75;161,05;163,97;159,41;1,41M;-0,86%
13/01/2022;163,16;170,6;172,64;162,85;1,46M;-4,13%
12/01/2022;170,18;170,29;172,52;168,68;1,14M;0,56%
11/01/2022;169,23;165,66;169,68;164,62;1,24M;2,02%
10/01/2022;165,88;162,82;166,1;160,83;2,11M;-0,08%
07/01/2022;166,02;171,55;172,64;165,93;1,59M;-4,10%
06/01/2022;173,12;171,75;175,22;170,53;1,44M;0,29%
05/01/2022;172,62;176,57;178,71;172,06;1,73M;-3,19%
04/01/2022;178,3;182,19;183,68;174,32;1,69M;-2,65%
03/01/2022;183,16;185,68;188,57;181,88;1,10M;-1,71%
31/12/2021;186,35;187;187,68;184,93;1,69M;-1,01%
30/12/2021;188,25;190;190,76;187,67;1,10M;-0,88%
29/12/2021;189,93;190,22;190,77;188,18;1,09M;-0,08%
28/12/2021;190,08;192,7;192,7;189,32;1,03M;-0,82%
27/12/2021;191,65;188,89;191,86;187,63;933,72K;2,22%
23/12/2021;187,48;186,59;188,66;185,95;752,90K;0,49%
22/12/2021;186,56;182,92;186,68;182,58;887,37K;1,93%
21/12/2021;183,03;179,58;183,29;176,58;980,64K;3,22%
20/12/2021;177,32;175,85;178,62;175,25;1,26M;-1,02%
17/12/2021;179,15;177,08;182,45;177,08;3,46M;-0,26%
16/12/2021;179,62;184;184,01;177,81;1,57M;-2,52%
15/12/2021;184,27;176,7;184,41;176,25;1,81M;4,66%
14/12/2021;176,06;178,23;178,8;170,55;2,50M;-4,38%
13/12/2021;184,13;184;185,26;182,73;1,49M;-0,01%
10/12/2021;184,14;181,83;184,57;181,43;1,25M;2,52%
09/12/2021;179,62;183,35;186;179,61;1,04M;-2,49%
08/12/2021;184,21;182,94;184,53;181,31;1,15M;0,79%
07/12/2021;182,77;181,68;183,51;180,06;1,56M;3,14%
06/12/2021;177,21;177,87;178,92;172,89;1,46M;-0,37%
03/12/2021;177,87;184,89;185,28;175,34;2,33M;-3,68%
02/12/2021;184,66;178;185,76;177,55;1,80M;5,49%
01/12/2021;175,05;180;181,79;175,02;1,49M;-1,36%
30/11/2021;177,46;186;186,15;176,48;3,12M;-4,94%
29/11/2021;186,69;181,37;187,51;180,04;1,51M;4,67%
26/11/2021;178,36;179,18;185,31;177,14;1,13M;-2,79%
24/11/2021;183,47;178,85;183,77;177,47;1,09M;1,04%
23/11/2021;181,58;183;183,49;177,2;1,62M;-1,59%
22/11/2021;184,51;188,21;189,9;183,95;1,08M;-1,92%
19/11/2021;188,12;187,32;190,09;187,13;1,18M;1,11%
18/11/2021;186,05;187,8;187,8;185,13;905,16K;-0,90%
17/11/2021;187,74;186,16;188,6;185,57;1,19M;0,44%
16/11/2021;186,92;182,16;187,07;181,97;949,40K;2,51%
15/11/2021;182,34;182,78;183,18;179,85;780,45K;0,50%
12/11/2021;181,44;178,53;181,47;177,73;686,88K;2,38%
11/11/2021;177,23;179,06;179,55;176,88;655,15K;-0,14%
10/11/2021;177,48;181,71;182,13;177,44;889,42K;-2,68%
09/11/2021;182,37;179,53;182,58;178,7;1,37M;1,75%
08/11/2021;179,24;179,64;179,64;177,47;645,91K;0,70%
05/11/2021;178;180,1;180,63;177,13;841,18K;-0,87%
04/11/2021;179,56;172,97;179,72;172,5;1,23M;3,81%
03/11/2021;172,97;176,05;176,19;171,31;1,46M;-1,47%
02/11/2021;175,55;174,19;176,56;173,75;904,18K;0,98%
01/11/2021;173,84;174;174,79;172,97;1,26M;0,42%
29/10/2021;173,11;168,28;174,01;168,25;1,39M;2,48%
28/10/2021;168,92;165,01;169,18;165;1,04M;2,31%
27/10/2021;165,1;172,79;173,74;164,65;2,04M;-4,53%
26/10/2021;172,93;170,82;175,08;167,79;1,80M;3,32%
25/10/2021;167,37;168;169,79;166,94;1,59M;0,37%
22/10/2021;166,76;165,81;167,48;165,38;879,04K;0,79%
21/10/2021;165,45;161,19;166,85;160,83;1,12M;3,35%
20/10/2021;160,09;160;161,71;159,85;1,24M;0,79%
19/10/2021;158,83;158,19;159,28;157,41;912,25K;0,82%
18/10/2021;157,54;155,07;157,73;154,46;1,04M;1,13%
15/10/2021;155,78;157,8;157,95;155,19;919,03K;-0,99%
14/10/2021;157,33;155,17;157,87;155,17;843,55K;2,50%
13/10/2021;153,5;151,72;154,36;151,06;1,17M;2,22%
12/10/2021;150,16;150,74;151,79;149,68;710,75K;0,43%
11/10/2021;149,52;149,58;151,7;148,96;690,00K;-0,40%
08/10/2021;150,12;152,65;153,15;149,37;581,33K;-1,40%
07/10/2021;152,25;151,32;153,21;151,21;1,38M;1,47%
06/10/2021;150,04;148,32;150,41;147,24;1,30M;-0,11%
05/10/2021;150,21;148,95;151,23;148,46;1,21M;1,46%
04/10/2021;148,05;151,86;152,14;145,84;1,21M;-3,24%
01/10/2021;153,01;152,34;154,04;149,24;1,21M;1,04%
30/09/2021;151,44;153,42;154,26;151,2;1,01M;-0,53%
29/09/2021;152,25;153,86;154,63;151,76;773,25K;-0,14%
28/09/2021;152,47;155,62;157,1;152,25;1,46M;-3,60%
27/09/2021;158,16;161,5;161,86;157,07;1,05M;-3,30%
24/09/2021;163,55;162,39;163,83;161,05;882,30K;0,28%
23/09/2021;163,1;163,28;163,99;162,38;999,59K;0,54%
22/09/2021;162,23;161,6;163,07;160,42;762,92K;0,85%
21/09/2021;160,87;162,18;162,49;160,56;860,95K;-0,04%
20/09/2021;160,93;161,62;162,78;158,96;1,48M;-1,65%
17/09/2021;163,63;167;167,02;162,46;2,76M;-2,37%
16/09/2021;167,61;167,16;168,21;165,6;983,78K;0,04%
15/09/2021;167,54;165,17;168,13;164,11;1,01M;1,58%
14/09/2021;164,93;165,45;166,05;163,75;1,30M;0,18%
13/09/2021;164,63;167,8;168;162,07;956,99K;-1,34%
10/09/2021;166,87;166,87;168,61;166,43;922,15K;0,58%
09/09/2021;165,91;165,7;166,77;164,85;848,54K;0,21%
08/09/2021;165,56;164,45;166,38;163,61;883,91K;0,35%
07/09/2021;164,98;165,98;166,32;163,39;768,32K;-0,44%
03/09/2021;165,71;165;167,17;164,84;899,34K;0,31%
02/09/2021;165,19;164,7;165,4;164,04;763,08K;0,63%
01/09/2021;164,15;164,66;165,63;163,86;999,28K;0,41%
31/08/2021;163,48;164,53;164,66;162,47;1,49M;-0,25%
30/08/2021;163,89;163,22;164,44;163;861,36K;0,87%
27/08/2021;162,47;159,9;162,98;159,62;865,64K;1,95%
26/08/2021;159,37;158,39;160,63;158,1;832,64K;0,47%
25/08/2021;158,63;158,75;159,33;157,7;1,13M;0,03%
24/08/2021;158,58;158,71;159,04;158,05;867,39K;0,16%
23/08/2021;158,32;155,64;158,63;155,41;834,38K;1,05%
20/08/2021;156,67;152,95;156,92;152,32;1,75M;2,22%
19/08/2021;153,27;147,77;153,98;147,22;1,44M;3,55%
18/08/2021;148,02;149,18;149,69;147,89;974,77K;-1,05%
17/08/2021;149,59;151,51;151,51;148,97;895,48K;-1,50%
16/08/2021;151,87;152,26;152,82;150,78;784,60K;-0,52%
13/08/2021;152,67;152,32;153,33;151,72;848,90K;0,27%
12/08/2021;152,26;149,7;153,18;149,25;1,03M;1,15%
11/08/2021;150,53;149,58;150,69;148,65;899,03K;0,99%
10/08/2021;149,05;151,32;151,61;148,01;782,24K;-0,83%
09/08/2021;150,29;151;151,44;150,12;508,86K;-0,52%
06/08/2021;151,07;150,74;151,5;149,17;762,27K;-0,45%
05/08/2021;151,76;151,53;152;149,79;1,00M;0,45%
04/08/2021;151,08;150;152,03;149;1,50M;0,82%
03/08/2021;149,85;147,55;150,29;147,51;1,70M;1,74%
02/08/2021;147,29;147,82;148,14;145,81;834,91K;-0,24%
30/07/2021;147,65;144,91;148,12;144,73;1,48M;1,27%
29/07/2021;145,8;144,56;146,32;144,33;1,04M;0,84%
28/07/2021;144,59;143,3;144,91;142,16;1,43M;0,92%
27/07/2021;143,27;145,51;145,74;140,89;1,54M;-1,17%
26/07/2021;144,97;145;145,63;144,38;1,12M;-0,48%
23/07/2021;145,67;143,59;146,65;143,26;1,26M;1,85%
22/07/2021;143,02;140,68;143,14;140,48;825,98K;1,61%
21/07/2021;140,76;139,41;140,84;138,88;931,79K;0,69%
20/07/2021;139,79;137,97;140,78;136,33;1,36M;1,50%
19/07/2021;137,72;136,37;137,93;136,1;1,12M;0,04%
16/07/2021;137,67;138,09;139,47;137,23;752,17K;0,09%
15/07/2021;137,55;139,19;139,19;136,68;1,06M;-0,92%
14/07/2021;138,83;138,43;140,24;138;1,04M;0,81%
13/07/2021;137,72;137,79;138,71;137,16;686,25K;-0,01%
12/07/2021;137,73;138,85;139,6;137,05;813,66K;-0,56%
09/07/2021;138,5;136,84;138,84;135,71;988,67K;0,87%
08/07/2021;137,31;137,16;137,89;135,35;1,24M;-1,29%
07/07/2021;139,1;139,77;140,54;137,6;1,34M;0,31%
06/07/2021;138,67;138,33;139,01;136,94;1,12M;0,53%
02/07/2021;137,94;137,48;138,44;137,32;715,24K;0,74%
01/07/2021;136,93;136,04;137;135,04;1,02M;0,08%
30/06/2021;136,82;138;138,76;136,47;2,14M;-1,11%
29/06/2021;138,35;136,97;138,52;134,84;916,68K;0,91%
28/06/2021;137,1;135,78;137,23;135,53;1,25M;1,74%
25/06/2021;134,76;135,7;136,66;134,2;2,07M;-0,19%
24/06/2021;135,02;134,35;135,6;134,01;1,24M;1,52%
23/06/2021;133;133,97;134,96;132,87;1,54M;-0,78%
22/06/2021;134,04;131,97;134,15;131,31;1,25M;1,45%
21/06/2021;132,13;130,93;132,77;128,92;1,68M;1,27%
18/06/2021;130,47;130,55;131,88;129,88;2,66M;-0,34%
17/06/2021;130,91;127,03;131,49;127,03;1,35M;2,11%
16/06/2021;128,2;129,24;130,43;126,73;1,13M;-0,97%
15/06/2021;129,46;130,76;131,22;129,05;1,04M;-1,15%
14/06/2021;130,96;129,66;131,01;128,95;1,06M;1,30%
11/06/2021;129,28;127,94;129,35;127,94;1,03M;0,60%
10/06/2021;128,51;124,99;128,6;124,51;2,16M;2,65%
09/06/2021;125,19;126,13;126,95;124,78;1,47M;-0,02%
08/06/2021;125,22;126,26;127,4;125;1,49M;0,23%
07/06/2021;124,93;125,89;126,69;124,27;1,10M;-1,44%
04/06/2021;126,75;124,81;127,07;124,67;1,01M;2,27%
03/06/2021;123,94;123,04;125,27;122,04;1,33M;-0,47%
02/06/2021;124,53;125,84;126,53;123,91;1,81M;-0,97%
01/06/2021;125,75;126,12;127,67;124,32;1,27M;-0,98%
28/05/2021;126,99;128,52;128,52;126,9;1,22M;-0,11%
27/05/2021;127,13;126,66;128,72;125,31;2,20M;0,24%
26/05/2021;126,83;128,19;129,05;126,56;1,22M;-0,52%
25/05/2021;127,49;127,29;127,86;126,36;1,40M;0,92%
24/05/2021;126,33;125,23;127,24;125,22;1,35M;2,32%
21/05/2021;123,46;126,09;126,46;123,06;1,47M;-1,43%
20/05/2021;125,25;123,54;126,04;123,1;1,50M;2,40%
19/05/2021;122,32;118,64;122,44;118,11;1,65M;0,97%
18/05/2021;121,14;122,21;123,5;121,11;1,77M;-0,57%
17/05/2021;121,83;123,07;123,22;120,08;1,22M;-1,97%
14/05/2021;124,28;123,53;124,89;122,06;1,25M;1,81%
13/05/2021;122,07;123,41;124,34;120,57;1,66M;0,24%
12/05/2021;121,78;122,88;124,4;121,33;1,58M;-3,22%
11/05/2021;125,83;121,33;126,61;120,56;1,81M;1,36%
10/05/2021;124,14;127,87;129,04;124,07;1,66M;-3,80%
07/05/2021;129,05;129,04;131,48;128,44;1,61M;1,69%
06/05/2021;126,9;125,79;127;124,44;1,71M;0,01%
05/05/2021;126,89;127,11;128,76;126,32;2,09M;0,43%
04/05/2021;126,35;127,85;128,46;124,64;1,90M;-2,52%
03/05/2021;129,62;132,32;133,18;129,51;1,49M;-1,63%
30/04/2021;131,77;131,26;133,94;131,03;1,86M;-1,27%
29/04/2021;133,46;133,66;134,49;132,38;1,40M;0,14%
28/04/2021;133,27;132,18;133,66;130,27;2,67M;0,39%
27/04/2021;132,75;135,53;136,91;130,45;6,08M;-7,96%
26/04/2021;144,23;141,39;144,41;140,4;2,35M;1,51%
23/04/2021;142,08;141,59;143,13;140,91;1,99M;1,44%
22/04/2021;140,06;142,63;142,87;138,95;2,16M;-1,02%
21/04/2021;141,5;141,41;141,92;139,82;1,60M;0,40%
20/04/2021;140,94;140,59;142,17;140,07;1,70M;-0,70%
19/04/2021;141,94;145,67;147,01;140,43;1,97M;-3,61%
16/04/2021;147,26;147,62;147,94;145,08;1,01M;-0,22%
15/04/2021;147,59;146,1;148,27;146,1;1,10M;2,06%
14/04/2021;144,61;146,1;147,25;143,99;1,29M;-1,05%
13/04/2021;146,15;145,71;147,71;144,91;1,06M;0,94%
12/04/2021;144,79;144,54;144,99;143,28;1,12M;-0,39%
09/04/2021;145,35;144,98;146;144,12;1,31M;-0,08%
08/04/2021;145,46;144,45;145,81;143,68;1,19M;2,03%
07/04/2021;142,56;142,43;143,53;141,55;976,08K;-0,63%
06/04/2021;143,46;144,23;145,47;142,4;1,88M;-1,65%
05/04/2021;145,87;142;146,06;141,64;1,83M;3,10%
01/04/2021;141,49;138,46;142,78;138,41;1,89M;3,28%
31/03/2021;136,99;132,39;138,09;132,19;2,62M;4,68%
30/03/2021;130,87;131,65;132,43;128,37;1,58M;-1,42%
29/03/2021;132,75;132,15;133,9;130,3;1,96M;0,13%
26/03/2021;132,58;126,08;132,74;126,06;2,35M;5,50%
25/03/2021;125,67;126,65;127,15;123,76;1,74M;-1,02%
24/03/2021;126,97;128,98;129,29;126,08;1,78M;-1,00%
23/03/2021;128,25;128,3;129,83;127,85;1,52M;0,22%
22/03/2021;127,97;126,3;129,9;126,3;1,35M;1,98%
19/03/2021;125,48;124,55;126,52;122,75;2,59M;1,17%
18/03/2021;124,03;125,46;126,94;123,42;1,76M;-3,47%
17/03/2021;128,49;127,81;130,09;125,27;1,47M;-0,70%
16/03/2021;129,39;130,31;132,61;129,09;1,21M;0,00%
15/03/2021;129,39;125,62;129,46;124,44;1,24M;2,90%
12/03/2021;125,74;127,05;127,15;124,61;1,76M;-3,37%
11/03/2021;130,13;129,13;132,18;129,13;2,58M;2,56%
10/03/2021;126,88;128,97;130,54;126,69;2,05M;-0,33%
09/03/2021;127,3;123,7;128,68;123,27;2,37M;6,37%
08/03/2021;119,68;125,07;125,86;119,65;3,49M;-5,53%
05/03/2021;126,69;130,81;130,81;122,62;3,76M;-1,65%
04/03/2021;128,81;133,96;134,81;127,27;2,72M;-3,69%
03/03/2021;133,74;141,17;141,7;133,69;2,50M;-5,92%
02/03/2021;142,15;147,66;147,98;141,08;2,81M;-3,59%
01/03/2021;147,44;143,23;147,6;142,13;2,04M;4,50%
26/02/2021;141,09;139,06;143,32;137,74;2,53M;2,22%
25/02/2021;138,02;138,43;142,64;137,27;3,04M;-1,00%
24/02/2021;139,42;131,6;140,2;129,81;3,10M;5,14%
23/02/2021;132,6;135,54;135,89;128,49;3,08M;-0,42%
22/02/2021;133,16;138,92;138,93;132,92;2,09M;-4,65%
19/02/2021;139,66;141,22;142,33;139,6;1,58M;0,09%
18/02/2021;139,53;140,2;140,91;137,67;1,72M;-1,59%
17/02/2021;141,78;145,12;145,33;140,08;1,12M;-2,88%
16/02/2021;145,99;148,37;149,08;145,66;1,31M;0,21%
12/02/2021;145,68;143,52;145,92;142,63;1,15M;1,19%
11/02/2021;143,97;139,53;144,06;138,81;1,13M;4,43%
10/02/2021;137,86;140,2;140,97;137,52;1,12M;-1,17%
09/02/2021;139,49;137,56;139,87;137,02;888,16K;1,39%
08/02/2021;137,58;137,17;138,43;136,66;1,25M;1,31%
05/02/2021;135,8;137,57;138,95;135,52;1,80M;-0,95%
04/02/2021;137,1;135,22;137,25;134,87;1,33M;1,69%
03/02/2021;134,82;136;136,32;134,07;1,54M;-0,66%
02/02/2021;135,72;135,33;136,46;134,82;1,44M;0,98%
01/02/2021;134,4;131,98;134,98;130,98;1,43M;3,08%
29/01/2021;130,39;132,51;133,15;130,04;1,86M;-1,93%
28/01/2021;132,95;129,79;135,07;129,55;1,55M;3,52%
27/01/2021;128,43;132;133,96;127,56;2,09M;-4,03%
26/01/2021;133,83;135,77;135,97;133,53;960,78K;-1,52%
25/01/2021;135,9;138,81;139,4;134,31;1,23M;-1,11%
22/01/2021;137,42;139,08;140,4;137,04;1,40M;-0,87%
21/01/2021;138,62;140,95;141,25;138,2;1,20M;-1,06%
20/01/2021;140,1;138,29;142,11;138,29;1,43M;1,80%
19/01/2021;137,62;135,83;137,98;134,85;947,63K;2,21%
15/01/2021;134,64;134,41;136,15;132,93;1,13M;-0,56%
14/01/2021;135,4;134,38;136,02;133,82;1,49M;0,95%
13/01/2021;134,12;134,06;135,17;132,15;1,16M;0,30%
12/01/2021;133,72;135,05;135,05;132,63;1,34M;-0,72%
11/01/2021;134,69;133,89;136,31;132,83;2,33M;-1,10%
08/01/2021;136,19;136,95;138,54;134,1;2,05M;-0,63%
07/01/2021;137,05;132,14;137,49;131,74;1,64M;4,91%
06/01/2021;130,64;132,34;133,41;129,91;2,30M;-4,04%
05/01/2021;136,14;136,74;137,33;135;1,63M;0,28%
04/01/2021;135,76;136,89;138,31;133,51;2,50M;-0,49%
31/12/2020;136,43;135,42;136,84;135,3;773,70K;0,87%
30/12/2020;135,25;134,71;136,06;134,07;944,51K;0,95%
29/12/2020;133,98;135,13;135,75;133,29;996,92K;-0,58%
28/12/2020;134,76;135,85;136;133,53;863,24K;0,57%
24/12/2020;134;133,49;134,62;132,63;377,25K;0,71%
23/12/2020;133,06;134,86;135,99;132,72;1,17M;-0,97%
22/12/2020;134,37;132,21;134,91;131,43;1,49M;2,00%
21/12/2020;131,73;130,9;131,9;128,1;1,56M;-0,22%
18/12/2020;132,02;127,38;132,26;126,58;3,65M;3,71%
17/12/2020;127,3;126,31;127,37;125,14;1,59M;1,52%
16/12/2020;125,4;123,86;125,97;123,79;1,63M;2,10%
15/12/2020;122,82;122,1;124,22;122,08;1,84M;1,24%
14/12/2020;121,31;118,41;122,02;118,41;1,36M;2,35%
11/12/2020;118,52;117,23;118,83;116,66;1,00M;0,91%
10/12/2020;117,45;114,69;117,95;113,8;1,08M;1,70%
09/12/2020;115,49;121,78;121,78;114,82;1,48M;-2,47%
08/12/2020;118,41;119,33;119,41;117,3;1,40M;-0,51%
07/12/2020;119,02;118,89;120,16;118,51;1,03M;0,57%
04/12/2020;118,34;116,7;119,21;116,61;1,16M;1,42%
03/12/2020;116,68;115,72;118,57;115,3;1,42M;0,21%
02/12/2020;116,43;114,95;116,79;113,84;1,17M;0,67%
01/12/2020;115,65;116,88;117,07;114,59;2,13M;-0,56%
30/11/2020;116,3;117,22;117,34;114,66;2,30M;-0,24%
27/11/2020;116,58;113,67;116,89;113,67;927,42K;3,13%
25/11/2020;113,04;112,07;113,27;111,41;1,24M;2,08%
24/11/2020;110,74;111,3;111,54;109,2;1,63M;-0,46%
23/11/2020;111,25;113,5;113,98;109,65;1,08M;-1,37%
20/11/2020;112,79;113,05;114,88;112,58;1,42M;0,17%
19/11/2020;112,6;111,67;113,12;110,44;2,08M;1,41%
18/11/2020;111,03;113,25;113,44;110,84;1,47M;-2,16%
17/11/2020;113,48;115;115,16;113,27;1,21M;-1,20%
16/11/2020;114,86;115;116,37;113,95;1,16M;-0,83%
13/11/2020;115,82;115,62;116,53;114,74;859,58K;1,10%
12/11/2020;114,56;117,14;118,14;114,04;1,55M;-1,82%
11/11/2020;116,68;114,63;117,82;114,63;1,43M;3,82%
10/11/2020;112,39;115,94;116,38;111,4;2,10M;-5,21%
09/11/2020;118,57;126,46;127,5;118,44;2,41M;-5,52%
06/11/2020;125,5;125,04;126,27;122,25;1,46M;1,15%
05/11/2020;124,07;123,79;124,68;122,36;2,02M;2,55%
04/11/2020;120,99;117,67;121,4;115,8;2,25M;6,51%
03/11/2020;113,59;111,55;114,16;111,09;1,48M;2,79%
02/11/2020;110,51;109,95;112,32;109,54;1,65M;1,04%
30/10/2020;109,37;108,65;110,74;108,13;2,32M;-0,76%
29/10/2020;110,21;107,64;111,51;107,58;1,36M;2,39%
28/10/2020;107,64;108,05;109,39;105,93;2,01M;-2,00%
27/10/2020;109,84;110,96;112,2;109,68;908,37K;-0,04%
26/10/2020;109,88;110,31;112,22;108,11;1,01M;-1,94%
23/10/2020;112,05;109,88;112,1;109,06;1,07M;2,50%
22/10/2020;109,32;111,67;112,06;108,75;1,59M;-1,72%
21/10/2020;111,23;112,61;113,96;111,21;1,45M;-1,23%
20/10/2020;112,61;115,35;116;112;2,30M;-0,84%
19/10/2020;113,56;115,51;117,1;112,91;1,61M;-1,84%
16/10/2020;115,69;116,87;117,5;114,56;1,17M;-0,23%
15/10/2020;115,96;115;116,55;114;1,46M;-0,86%
14/10/2020;116,97;117;118,22;115,8;1,64M;0,17%
13/10/2020;116,77;116,46;117,87;115,29;1,25M;1,05%
12/10/2020;115,56;114,26;116,38;113,06;1,45M;3,24%
09/10/2020;111,93;110,29;112,3;109,85;1,02M;2,39%
08/10/2020;109,32;109,41;109,55;107,94;661,99K;0,81%
07/10/2020;108,44;106,53;108,99;105,79;1,14M;2,77%
06/10/2020;105,52;107;108;105,19;1,14M;-1,81%
05/10/2020;107,46;106,11;107,65;106,04;962,73K;2,03%
02/10/2020;105,32;106,38;107,47;104,48;1,33M;-3,05%
01/10/2020;108,63;107,85;109,31;107,59;1,84M;1,88%
30/09/2020;106,63;105,35;107,95;105,3;1,81M;0,80%
29/09/2020;105,78;105,82;106,94;105,65;1,19M;0,50%
28/09/2020;105,25;105,05;105,32;103,83;1,43M;1,48%
25/09/2020;103,72;102;104,13;100,88;2,41M;1,57%
24/09/2020;102,12;98,74;103,1;98,47;1,69M;2,41%
23/09/2020;99,72;102,31;102,83;99,23;1,06M;-3,02%
22/09/2020;102,83;103,39;103,39;100,52;1,42M;0,71%
21/09/2020;102,1;98,75;102,13;97,45;2,09M;2,35%
18/09/2020;99,76;101,86;101,96;98,64;3,43M;-1,37%
17/09/2020;101,15;99,62;101,49;99;2,49M;-1,37%
16/09/2020;102,55;105,77;106,21;102,44;1,07M;-2,55%
15/09/2020;105,23;104,45;105,88;104,44;1,07M;1,94%
14/09/2020;103,23;102,88;104,04;102,04;1,45M;1,69%
11/09/2020;101,51;102,91;103,81;100,27;1,17M;-0,69%
10/09/2020;102,22;104,52;105,81;101,54;1,28M;-2,03%
09/09/2020;104,34;102,39;105,11;101,2;1,49M;3,88%
08/09/2020;100,44;100;103,71;98,16;2,17M;-5,14%
04/09/2020;105,88;108,16;108,53;102;2,25M;-2,02%
03/09/2020;108,06;114,82;115,3;107,11;2,56M;-7,71%
02/09/2020;117,09;114,47;117,59;113,59;1,79M;2,73%
01/09/2020;113,98;111,18;114,03;110,89;1,54M;2,77%
31/08/2020;110,91;110,51;112;110,21;1,60M;0,05%
28/08/2020;110,86;110,5;111,36;109,87;1,04M;1,37%
27/08/2020;109,36;113,26;113,47;109,08;2,00M;-2,94%
26/08/2020;112,67;111,82;113,97;111,56;1,22M;1,27%
25/08/2020;111,26;111,37;111,98;110,72;1,30M;-0,02%
24/08/2020;111,28;112;113,04;110,59;1,09M;0,64%
21/08/2020;110,57;110,74;111,2;109,31;1,44M;-0,62%
20/08/2020;111,26;108;111,63;107,97;1,29M;2,52%
19/08/2020;108,53;109,23;109,57;107,4;1,20M;-0,57%
18/08/2020;109,15;109,57;110,46;108,42;995,13K;-0,34%
17/08/2020;109,52;108,43;109,9;108,11;1,07M;1,41%
14/08/2020;108;108,92;109,65;107,53;737,19K;-0,61%
13/08/2020;108,66;107,65;109,68;107,32;1,04M;1,29%
12/08/2020;107,28;105,11;108,13;105,11;1,29M;2,00%
11/08/2020;105,18;106,55;107;104,73;1,47M;-1,88%
10/08/2020;107,19;108,3;108,3;105,66;1,97M;-1,23%
07/08/2020;108,53;110,41;110,8;107,38;1,34M;-1,80%
06/08/2020;110,52;109,93;110,69;108,7;1,12M;0,79%
05/08/2020;109,65;109,81;110,93;109,17;1,17M;0,47%
04/08/2020;109,14;111,77;111,77;108,45;2,13M;-2,35%
03/08/2020;111,77;109,75;112,27;109,75;1,81M;2,31%
31/07/2020;109,25;108,29;109,26;106,08;1,76M;1,49%
30/07/2020;107,65;104,7;108,04;104,5;1,43M;1,59%
29/07/2020;105,97;104,43;107;104,43;2,25M;1,85%
28/07/2020;104,05;105,31;105,98;103,89;1,12M;-1,16%
27/07/2020;105,27;103,74;105,41;103,32;1,44M;2,61%
24/07/2020;102,59;101,99;103,36;100,63;2,01M;-0,34%
23/07/2020;102,94;103,49;105,89;102,36;1,67M;-0,70%
22/07/2020;103,67;104,28;105,14;102,8;1,41M;0,09%
21/07/2020;103,58;106,16;106,22;102,65;2,34M;-0,12%
20/07/2020;103,7;100,67;104,34;99,91;2,24M;3,46%
17/07/2020;100,23;98,68;100,68;98,25;2,13M;1,57%
16/07/2020;98,68;98,65;99,02;97,27;1,18M;-0,43%
15/07/2020;99,11;99,85;99,94;97,94;1,71M;0,08%
14/07/2020;99,03;96,8;99,2;95,28;2,00M;0,83%
13/07/2020;98,21;101,7;102,08;98,07;2,41M;-2,73%
10/07/2020;100,97;101,39;101,79;99,45;1,59M;-0,55%
09/07/2020;101,53;100,8;101,62;99,11;1,25M;1,94%
08/07/2020;99,6;99,83;100,1;98,68;1,01M;0,84%
07/07/2020;98,77;98,66;100,96;98,47;1,36M;0,03%
06/07/2020;98,74;99,52;100,8;98,51;1,77M;0,94%
02/07/2020;97,82;97,38;98,81;96,93;2,09M;0,77%
01/07/2020;97,07;95,7;97,68;95,23;2,36M;1,16%
30/06/2020;95,96;94,48;96,5;94,07;1,97M;2,05%
29/06/2020;94,03;93,3;94,12;91,43;1,74M;0,20%
26/06/2020;93,84;92,92;94,54;91,76;3,76M;1,27%
25/06/2020;92,66;92,51;92,71;90,09;3,26M;0,73%
24/06/2020;91,99;94,53;94,99;91,81;1,78M;-2,71%
23/06/2020;94,55;95,01;95,19;94,29;2,08M;0,10%
22/06/2020;94,46;92,46;94,54;92;1,49M;2,79%
19/06/2020;91,9;94,98;95,21;91,66;3,05M;-1,95%
18/06/2020;93,73;93,33;93,84;92,54;1,78M;0,71%
17/06/2020;93,07;92,96;93,88;92,64;1,71M;1,14%
16/06/2020;92,02;92,27;93,27;91,23;1,71M;1,29%
15/06/2020;90,85;88,59;90,88;87,75;1,83M;1,55%
12/06/2020;89,46;90,06;91,45;87,94;1,89M;1,19%
11/06/2020;88,41;93,09;93,09;88,34;2,06M;-5,13%
10/06/2020;93,19;93,29;94,11;92,51;1,50M;0,68%
09/06/2020;92,56;92,07;93,51;91,77;2,08M;0,47%
08/06/2020;92,13;91;92,39;89,04;2,13M;0,80%
05/06/2020;91,4;91,18;92,46;89,5;2,28M;0,14%
04/06/2020;91,27;92,23;93,01;90,86;1,56M;-1,82%
03/06/2020;92,96;92,9;93,3;91,83;1,67M;0,63%
02/06/2020;92,38;91,5;92,39;90,55;1,84M;0,76%
01/06/2020;91,68;91;92,86;89,84;2,12M;0,43%
29/05/2020;91,29;88,23;91,58;87,92;2,67M;3,67%
28/05/2020;88,06;84,91;89,65;84,91;2,39M;3,36%
27/05/2020;85,2;84,5;85,24;81,95;1,84M;0,22%
26/05/2020;85,01;87,52;87,54;84,88;1,70M;-1,21%
22/05/2020;86,05;86,08;86,63;85,25;1,49M;-0,07%
21/05/2020;86,11;88,07;88,28;86,06;1,51M;-2,25%
20/05/2020;88,09;86,93;88,55;86,89;2,35M;3,10%
19/05/2020;85,44;83,53;86,99;83,53;2,21M;2,48%
18/05/2020;83,37;81,98;84,01;81,5;2,43M;1,58%
15/05/2020;82,07;79,05;82,32;79,05;2,55M;0,27%
14/05/2020;81,85;81,17;81,87;79,72;2,08M;1,05%
13/05/2020;81;81,37;82,94;79,85;2,77M;-0,06%
12/05/2020;81,05;83,57;83,57;81,05;1,63M;-2,35%
11/05/2020;83;81,7;83,57;81,5;2,02M;0,65%
08/05/2020;82,46;82,36;82,7;81,18;1,13M;1,34%
07/05/2020;81,37;82,23;82,78;80,98;1,48M;0,47%
06/05/2020;80,99;80,14;81,96;80,01;2,11M;1,66%
05/05/2020;79,67;78,12;80,3;78,12;2,01M;2,61%
04/05/2020;77,64;75,93;77,73;75,27;2,15M;2,37%
01/05/2020;75,84;79,59;80;75,51;2,89M;-6,52%
30/04/2020;81,13;81,76;82,61;80,88;3,13M;-1,06%
29/04/2020;82;78,53;82,78;78,53;2,69M;4,50%
28/04/2020;78,47;82;82,46;78,34;2,27M;-3,49%
27/04/2020;81,31;81;81,97;80,54;1,52M;0,98%
24/04/2020;80,52;80,85;81,32;79,11;2,12M;0,86%
23/04/2020;79,83;79,37;81,43;79,3;2,27M;0,04%
22/04/2020;79,8;79,18;80,55;77,51;3,04M;6,98%
21/04/2020;74,59;76,43;76,89;73,35;2,94M;-4,18%
20/04/2020;77,84;77,73;78,67;76,77;2,30M;-1,03%
17/04/2020;78,65;79,57;80,46;78,33;3,96M;0,08%
16/04/2020;78,59;76,01;79,17;76,01;2,60M;3,82%
15/04/2020;75,7;74,91;76,17;74,27;2,25M;-0,82%
14/04/2020;76,32;73;76,5;72,26;2,51M;6,67%
13/04/2020;71,55;70,97;71,75;70,4;2,52M;-0,14%
09/04/2020;71,65;71,91;72,73;71,07;1,95M;-0,26%
08/04/2020;71,84;69,84;72,26;69,46;1,93M;4,04%
07/04/2020;69,05;71;71,62;68,82;2,32M;-0,53%
06/04/2020;69,42;67,52;69,77;65,92;2,33M;8,59%
03/04/2020;63,93;65,05;66,72;63,74;2,55M;-3,03%
02/04/2020;65,93;64,24;67,07;63,92;2,96M;1,06%
01/04/2020;65,24;63,43;66,51;62,92;2,82M;-1,21%
31/03/2020;66,04;66,11;67,47;65,34;3,45M;-1,30%
30/03/2020;66,91;62,68;67,38;62,38;2,51M;7,43%
27/03/2020;62,28;64,69;65,25;61,77;2,23M;-6,96%
26/03/2020;66,94;61,57;67,08;61,48;2,78M;9,11%
25/03/2020;61,35;62,76;64,56;61,01;3,94M;-3,14%
24/03/2020;63,34;58,93;63,95;58,92;4,18M;13,39%
23/03/2020;55,86;55;57,88;53,16;2,95M;1,42%
20/03/2020;55,08;56,9;58,56;54,57;3,39M;-1,15%
19/03/2020;55,72;55,05;57,51;52,54;2,58M;2,58%
18/03/2020;54,32;54,61;55,71;51,48;3,14M;-7,84%
17/03/2020;58,94;55,88;59,1;53,39;2,72M;7,95%
16/03/2020;54,6;55,76;57,98;54,1;3,07M;-12,60%
13/03/2020;62,47;59,28;62,47;55,5;3,99M;9,71%
12/03/2020;56,94;58,06;62,64;56,82;4,76M;-8,50%
11/03/2020;62,23;61,3;62,71;60,38;2,92M;-1,10%
10/03/2020;62,92;61,28;62,92;59,85;2,81M;5,31%
09/03/2020;59,75;61,68;64,17;58,05;2,79M;-7,69%
06/03/2020;64,73;64,7;65,82;62,98;3,36M;-4,58%
05/03/2020;67,84;67,79;69,62;66,83;2,16M;-3,46%
04/03/2020;70,27;67,64;70,39;67,23;2,36M;6,10%
03/03/2020;66,23;67,87;68,81;65,47;3,16M;-3,12%
02/03/2020;68,36;66,66;68,38;65,01;2,71M;3,36%
28/02/2020;66,14;63,51;66,31;63,24;4,70M;0,46%
27/02/2020;65,84;66,75;68,56;65,66;2,68M;-4,41%
26/02/2020;68,88;69,1;70,06;68,18;2,48M;0,63%
25/02/2020;68,45;71,9;72,27;68,18;2,65M;-4,12%
24/02/2020;71,39;71,95;73,27;70,87;2,36M;-4,47%
21/02/2020;74,73;75,96;76,58;74,18;1,55M;-2,91%
20/02/2020;76,97;79,46;79,46;76,05;2,39M;-3,81%
19/02/2020;80,02;79;80,4;78,88;2,21M;1,83%
18/02/2020;78,58;78,18;79;78,05;1,54M;-0,23%
14/02/2020;78,76;79,56;79,69;78,36;1,33M;-0,62%
13/02/2020;79,25;77;79,59;75,27;3,25M;2,79%
12/02/2020;77,1;76;77,22;75,83;1,93M;1,84%
11/02/2020;75,71;75,04;75,88;74,68;1,42M;1,45%
10/02/2020;74,63;73,35;74,66;72,98;1,30M;1,47%
07/02/2020;73,55;74,02;74,4;73,51;1,16M;-1,33%
06/02/2020;74,54;74,91;75,36;74,38;911,61K;0,30%
05/02/2020;74,32;75,39;75,39;73,84;1,67M;-0,13%
04/02/2020;74,42;73,96;74,78;73,68;1,37M;2,18%
03/02/2020;72,83;72,49;73,24;72,46;1,41M;1,00%
31/01/2020;72,11;72,86;73,05;71,36;2,45M;-1,44%
30/01/2020;73,16;72,46;73,21;72,1;1,03M;0,03%
29/01/2020;73,14;74,5;74,64;73,05;1,24M;-1,40%
28/01/2020;74,18;73,09;74,51;72,88;1,30M;2,15%
27/01/2020;72,62;72,49;73,28;71,76;1,26M;-2,63%
24/01/2020;74,58;75,94;76,31;74,07;957,07K;-1,11%
23/01/2020;75,42;74,92;75,55;74,2;994,59K;0,83%
22/01/2020;74,8;75;75,36;74,51;1,16M;0,27%
21/01/2020;74,6;73,41;74,87;73,23;1,63M;1,18%
17/01/2020;73,73;73,38;73,83;72,65;1,89M;0,92%
16/01/2020;73,06;72,33;73,07;72,03;1,24M;1,56%
15/01/2020;71,94;72,65;73,1;71,66;1,33M;-0,92%
14/01/2020;72,61;73,4;73,47;72,41;1,02M;-1,06%
13/01/2020;73,39;73,53;73,95;72,95;1,16M;0,49%
10/01/2020;73,03;73,4;73,58;72,67;949,97K;-0,45%
09/01/2020;73,36;72,82;73,69;72,56;1,51M;1,49%
08/01/2020;72,28;71,28;72,76;70,96;1,76M;1,70%
07/01/2020;71,07;70,46;71,28;69,94;1,66M;0,31%
06/01/2020;70,85;69,98;70,97;69,65;1,55M;0,61%
03/01/2020;70,42;70,54;70,99;70,06;1,32M;-1,43%
02/01/2020;71,44;70,18;71,44;69,59;1,41M;3,00%